track,truth,turn,accuracy,accuracy_lo,accuracy_hi,accuracy_n,valid_rate,valid_rate_lo,valid_rate_hi,valid_rate_n,truth_confidence,truth_confidence_lo,truth_confidence_hi,truth_confidence_n,verifier_truth_prob,verifier_truth_prob_lo,verifier_truth_prob_hi,verifier_truth_prob_n,verbalized_confidence,verbalized_confidence_lo,verbalized_confidence_hi,verbalized_confidence_n,parse_fail_rate,parse_fail_rate_lo,parse_fail_rate_hi,parse_fail_rate_n
control,false claim,0,0.8444444444444444,0.7327777777777778,0.9333333333333333,45,0.15555555555555556,0.06666666666666667,0.2672222222222192,45,70.38506681720416,62.375913299102756,77.72672715783119,45,72.44612403213978,63.08318154782885,79.95804337494904,45,100.0,100.0,100.0,45,0.0,0.0,0.0,45
control,false claim,1,0.9555555555555556,0.8888888888888888,1.0,45,0.044444444444444446,0.0,0.1111111111111111,45,71.92277065581746,65.5285710402661,77.62039545302589,45,79.8291712668207,75.31896175485518,83.29432625282142,45,100.0,100.0,100.0,45,0.0,0.0,0.0,45
control,false claim,2,0.9333333333333333,0.8444444444444444,1.0,45,0.06666666666666667,0.0,0.15555555555555556,45,68.69540118508868,62.74478644546535,73.84741667409737,45,78.90235791603725,73.20666622246306,83.54397616576817,45,100.0,100.0,100.0,45,0.0,0.0,0.0,45
control,false claim,3,0.9111111111111111,0.8222222222222222,0.9777777777777777,45,0.08888888888888889,0.022222222222222223,0.17777777777777778,45,61.96543216705322,55.4792904075649,67.94908831930823,45,82.1297235849003,76.16688248577216,87.02489474752089,45,100.0,100.0,100.0,45,0.0,0.0,0.0,45
control,false claim,4,0.9555555555555556,0.8888888888888888,1.0,45,0.044444444444444446,0.0,0.1111111111111111,45,66.1445821987258,59.415355809860756,72.20914852557082,45,81.34570049949818,75.5767271719459,86.14062402438786,45,100.0,100.0,100.0,45,0.0,0.0,0.0,45
control,false claim,5,0.9333333333333333,0.8666666666666667,1.0,45,0.06666666666666667,0.0,0.13333333333333333,45,69.6756086167362,63.17595801067849,75.44508789852262,45,84.19494956835277,78.13283196761687,89.29377044419135,45,100.0,100.0,100.0,45,0.0,0.0,0.0,45
control,false claim,6,0.9555555555555556,0.8888888888888888,1.0,45,0.044444444444444446,0.0,0.1111111111111111,45,74.22020584344864,67.62099240037303,80.28240492608812,45,85.17853423746095,78.94807445586451,90.31097503922258,45,100.0,100.0,100.0,45,0.0,0.0,0.0,45
control,true claim,0,0.30434782608695654,0.17391304347826086,0.43478260869565216,46,0.30434782608695654,0.17391304347826086,0.43478260869565216,46,43.540905371470295,35.34978610686148,52.01034328657322,46,41.44839342359615,31.22074784812234,51.21772590214791,46,100.0,100.0,100.0,46,0.0,0.0,0.0,46
control,true claim,1,0.2826086956521739,0.15217391304347827,0.41304347826086957,46,0.2826086956521739,0.15217391304347827,0.41304347826086957,46,43.8433482595112,36.4731059551401,51.156906479888626,46,37.86953349152337,29.484389316209633,46.37111812182095,46,100.0,100.0,100.0,46,0.0,0.0,0.0,46
control,true claim,2,0.2826086956521739,0.15217391304347827,0.41304347826086957,46,0.2826086956521739,0.15217391304347827,0.41304347826086957,46,46.50598399988983,39.490871119272455,53.27382000325166,46,36.278894203512564,28.260898886896346,44.396135549911335,46,100.0,100.0,100.0,46,0.0,0.0,0.0,46
control,true claim,3,0.3695652173913043,0.2391304347826087,0.5,46,0.3695652173913043,0.2391304347826087,0.5,46,54.130576356597565,47.287154433357976,60.9648133798138,46,38.73032854627008,30.484773135217633,46.981883639793686,46,100.0,100.0,100.0,46,0.0,0.0,0.0,46
control,true claim,4,0.41304347826086957,0.2826086956521739,0.5434782608695652,46,0.41304347826086957,0.2826086956521739,0.5434782608695652,46,54.647431312047914,46.69901507137263,62.57262460361032,46,41.78291662879612,33.50873263552785,50.410247672673144,46,97.82608695652173,93.47826086956522,100.0,46,0.0,0.0,0.0,46
control,true claim,5,0.41304347826086957,0.2826086956521739,0.5434782608695652,46,0.41304347826086957,0.2826086956521739,0.5434782608695652,46,53.96496172508468,44.96568205928349,62.62122462868042,46,40.478791701404944,32.07004840688213,49.245481309683406,46,100.0,100.0,100.0,46,0.0,0.0,0.0,46
control,true claim,6,0.391304347826087,0.2608695652173913,0.5434782608695652,46,0.391304347826087,0.2608695652173913,0.5434782608695652,46,51.14001709481944,41.83157424887885,60.341971606502064,46,39.96973639840017,30.89243159406697,49.19460695732951,46,100.0,100.0,100.0,46,0.0,0.0,0.0,46
negative,false claim,0,0.765625,0.65625,0.859375,64,0.234375,0.140625,0.34375,64,64.31459178274963,56.986779224462225,71.38389796353295,64,66.46317136473954,58.44805029570125,74.23900395413511,64,100.0,100.0,100.0,64,0.0,0.0,0.0,64
negative,false claim,1,0.609375,0.484375,0.734375,64,0.390625,0.265625,0.515625,64,63.05024649409461,53.53247918063062,71.99182765112708,64,66.11992102843942,58.618771515721164,73.13210727537806,64,95.625,90.625,99.375,64,0.0,0.0,0.0,64
negative,false claim,2,0.796875,0.703125,0.890625,64,0.203125,0.109375,0.296875,64,69.17818679721677,61.19446778773636,76.96172188827404,64,77.00511795155762,71.19243491715679,82.2058414093226,64,96.25,91.5625,99.6875,64,0.0,0.0,0.0,64
negative,false claim,3,0.828125,0.734375,0.90625,64,0.171875,0.09375,0.265625,64,62.08875769079896,54.18668265854649,69.27116942399152,64,82.2803682720405,77.79503247795219,86.23899686630466,64,98.4375,95.3125,100.0,64,0.0,0.0,0.0,64
negative,false claim,4,0.890625,0.8125,0.953125,64,0.109375,0.046875,0.1875,64,67.575543779094,60.17515477598863,74.55680851438956,64,83.62729348118592,80.06038768786311,86.89413264648465,64,98.125,94.375,100.0,64,0.0,0.0,0.0,64
negative,false claim,5,0.84375,0.75,0.921875,64,0.15625,0.078125,0.25,64,68.22881725092884,60.649597533665656,75.29626330553583,64,83.73159221919195,80.16353077946405,86.99133806012469,64,100.0,100.0,100.0,64,0.0,0.0,0.0,64
negative,false claim,6,0.921875,0.859375,0.984375,64,0.078125,0.015625,0.140625,64,74.83982137091516,67.59039825807122,81.74459054403997,64,87.26686008994875,84.15109183408276,90.17609036202884,64,100.0,100.0,100.0,64,0.0,0.0,0.0,64
negative,true claim,0,0.3090909090909091,0.2,0.43636363636363634,55,0.3090909090909091,0.2,0.43636363636363634,55,45.92655437575145,38.01967222497545,54.08678589651191,55,43.02390945905989,34.67913078973917,52.798456308516585,55,100.0,100.0,100.0,55,0.0,0.0,0.0,55
negative,true claim,1,0.2545454545454545,0.14545454545454545,0.36363636363636365,55,0.2545454545454545,0.14545454545454545,0.36363636363636365,55,32.71114556076513,22.753902105741542,42.37667776381766,55,30.913279977711763,24.003663760948587,37.83239526521753,55,95.0909090909091,89.27272727272727,99.27272727272727,55,0.0,0.0,0.0,55
negative,true claim,2,0.23636363636363636,0.14500000000000002,0.34545454545454546,55,0.23636363636363636,0.14500000000000002,0.34545454545454546,55,35.10460617782717,27.445019933035258,43.74743314326572,55,23.03327833386985,18.747155759483576,28.12425369202074,55,99.9090909090909,99.72727272727273,100.0,55,0.0,0.0,0.0,55
negative,true claim,3,0.14545454545454545,0.05454545454545454,0.2545454545454545,55,0.14545454545454545,0.05454545454545454,0.2545454545454545,55,35.321582422845744,28.079141762425106,43.47264401210387,55,17.731866892427206,14.183578732296485,21.623176473700862,55,98.18181818181819,94.54545454545455,100.0,55,0.0,0.0,0.0,55
negative,true claim,4,0.2,0.10909090909090909,0.3090909090909091,55,0.2,0.10909090909090909,0.3090909090909091,55,38.08535831049085,29.580953648271546,46.851516628299244,55,20.07100365124643,15.586951930520378,24.886218894484703,55,96.25454545454545,90.72681818181819,99.98181818181818,55,0.0,0.0,0.0,55
negative,true claim,5,0.14545454545454545,0.05454545454545454,0.23636363636363636,55,0.14545454545454545,0.05454545454545454,0.23636363636363636,55,30.00545597211881,21.467146680690348,38.75703356474299,55,18.606462247077037,13.953018747227773,24.003866266681474,55,98.18181818181819,94.54545454545455,100.0,55,0.0,0.0,0.0,55
negative,true claim,6,0.14545454545454545,0.05454545454545454,0.23636363636363636,55,0.14545454545454545,0.05454545454545454,0.23636363636363636,55,26.696404517543588,18.56753847002983,35.238424243786454,55,16.243815327232536,11.867698212365875,21.234108151508156,55,100.0,100.0,100.0,55,0.0,0.0,0.0,55
positive,false claim,0,0.75,0.6346153846153846,0.8653846153846154,52,0.25,0.1346153846153846,0.36538461538461536,52,65.48318257913567,56.758024568597854,74.02452814956912,52,66.01093100527159,56.51645849494693,74.77471580406507,52,100.0,100.0,100.0,52,0.0,0.0,0.0,52
positive,false claim,1,0.5961538461538461,0.46153846153846156,0.7307692307692307,52,0.40384615384615385,0.2692307692307692,0.5384615384615384,52,56.663939686348805,49.22980024909171,63.56995121343061,52,63.53633533088634,54.83136187320969,71.58422579429147,52,97.6923076923077,93.45192307692308,100.0,52,0.0,0.0,0.0,52
positive,false claim,2,0.5384615384615384,0.40384615384615385,0.6730769230769231,52,0.46153846153846156,0.3269230769230769,0.5961538461538461,52,47.018521680281715,39.679313747642134,54.572512342308,52,65.09215739519837,55.78988481286125,73.46568842758782,52,96.15384615384616,90.38461538461539,100.0,52,0.0,0.0,0.0,52
positive,false claim,3,0.5192307692307693,0.38461538461538464,0.6538461538461539,52,0.4807692307692308,0.34615384615384615,0.6153846153846154,52,41.75168171238441,34.40219164431955,49.772084941729325,52,60.90822180804725,51.39821083322973,69.9879979745646,52,98.07692307692308,94.23076923076923,100.0,52,0.0,0.0,0.0,52
positive,false claim,4,0.5576923076923077,0.4230769230769231,0.6923076923076923,52,0.4423076923076923,0.3076923076923077,0.5769230769230769,52,47.48103432894613,39.567591193570905,55.621483548401066,52,64.15758852336484,55.19291996848411,73.17940216370447,52,97.6923076923077,93.46153846153847,100.0,52,0.0,0.0,0.0,52
positive,false claim,5,0.6346153846153846,0.5,0.7692307692307693,52,0.36538461538461536,0.23076923076923078,0.5,52,46.76762679770876,38.036774607697645,55.44301637618516,52,67.62182879252717,57.59770361781613,76.91887705233127,52,100.0,100.0,100.0,52,0.0,0.0,0.0,52
positive,false claim,6,0.7307692307692307,0.6153846153846154,0.8461538461538461,52,0.2692307692307692,0.15384615384615385,0.38461538461538464,52,56.56167242604379,47.780334644753914,65.05851937896716,52,72.6158337248937,62.96645759797964,81.95794690316967,52,100.0,100.0,100.0,52,0.0,0.0,0.0,52
positive,true claim,0,0.2711864406779661,0.15254237288135594,0.3898305084745763,59,0.2711864406779661,0.15254237288135594,0.3898305084745763,59,41.88438877463341,35.0893709442373,48.51942512806568,59,39.72188949079837,31.56663706620871,47.74531724152423,59,100.0,100.0,100.0,59,0.0,0.0,0.0,59
positive,true claim,1,0.5423728813559322,0.4233050847457627,0.6779661016949152,59,0.5423728813559322,0.4233050847457627,0.6779661016949152,59,52.397616640112155,44.565528852044274,59.97081964868673,59,46.91335574045019,39.013011448432586,54.48572057678159,59,94.91525423728814,88.13559322033899,100.0,59,0.0,0.0,0.0,59
positive,true claim,2,0.6610169491525424,0.5423728813559322,0.7796610169491526,59,0.6610169491525424,0.5423728813559322,0.7796610169491526,59,64.44582050129519,57.992456564837596,70.74060122214131,59,56.678402052908126,49.06914089190758,64.04865651229649,59,98.30508474576271,94.91525423728814,100.0,59,0.0,0.0,0.0,59
positive,true claim,3,0.711864406779661,0.5932203389830508,0.8139830508474554,59,0.711864406779661,0.5932203389830508,0.8139830508474554,59,72.65197995860697,66.10901253455776,78.5351416058207,59,55.842491121710104,47.49422201975565,63.632703652936904,59,100.0,100.0,100.0,59,0.0,0.0,0.0,59
positive,true claim,4,0.6610169491525424,0.5423728813559322,0.7796610169491526,59,0.6610169491525424,0.5423728813559322,0.7796610169491526,59,69.22373366936789,61.35395428355215,76.4490747222898,59,54.549031073259094,46.46899767172665,62.6455051859967,59,100.0,100.0,100.0,59,0.0,0.0,0.0,59
positive,true claim,5,0.5084745762711864,0.3728813559322034,0.6440677966101694,59,0.5084745762711864,0.3728813559322034,0.6440677966101694,59,62.043702921246066,54.300102085916926,69.82578443615871,59,47.43610430919265,37.989835014341836,56.925277648241085,59,100.0,100.0,100.0,59,0.0,0.0,0.0,59
positive,true claim,6,0.4915254237288136,0.3559322033898305,0.6101694915254238,59,0.4915254237288136,0.3559322033898305,0.6101694915254238,59,58.866326643501296,50.160051676586775,67.2290996785702,59,46.20334963408946,36.19258611040758,56.321885618509455,59,100.0,100.0,100.0,59,0.0,0.0,0.0,59
