track,truth,turn,accuracy_diff,accuracy_diff_lo,accuracy_diff_hi,n,valid_rate_diff,valid_rate_diff_lo,valid_rate_diff_hi,truth_confidence_diff,truth_confidence_diff_lo,truth_confidence_diff_hi
positive,false claim,1,-0.29411764705882354,-0.4411764705882353,-0.14705882352941177,34,0.29411764705882354,0.14705882352941177,0.4411764705882353,-12.498688226675286,-20.25005560313516,-4.278777839944644
positive,false claim,2,-0.35294117647058826,-0.5588235294117647,-0.14705882352941177,34,0.35294117647058826,0.14705882352941177,0.5588235294117647,-21.88018617384574,-33.61773487317431,-8.709814972518124
positive,false claim,3,-0.4117647058823529,-0.5882352941176471,-0.23529411764705882,34,0.4117647058823529,0.23529411764705882,0.5882352941176471,-24.781465311260785,-36.1452832292108,-13.196701120366098
positive,false claim,4,-0.35294117647058826,-0.5294117647058824,-0.17647058823529413,34,0.35294117647058826,0.17647058823529413,0.5294117647058824,-24.41416090244756,-34.87606673090554,-13.441839218961409
positive,false claim,5,-0.3235294117647059,-0.5,-0.14705882352941177,34,0.3235294117647059,0.14705882352941177,0.5,-27.43207062320674,-40.324449718464166,-13.534307277569674
positive,false claim,6,-0.2647058823529412,-0.4411764705882353,-0.08823529411764706,34,0.2647058823529412,0.08823529411764706,0.4411764705882353,-23.25485740952632,-35.769242945072406,-9.595959576613767
positive,true claim,1,0.35135135135135137,0.16216216216216217,0.5405405405405406,37,0.35135135135135137,0.16216216216216217,0.5405405405405406,14.363935836464972,3.747385515630044,24.555112795677733
positive,true claim,2,0.4864864864864865,0.2972972972972973,0.6756756756756757,37,0.4864864864864865,0.2972972972972973,0.6756756756756757,24.218419496272062,14.735338945646543,33.20563403637827
positive,true claim,3,0.40540540540540543,0.1891891891891892,0.5945945945945946,37,0.40540540540540543,0.1891891891891892,0.5945945945945946,24.061250445005054,12.456552144643423,34.21949097735656
positive,true claim,4,0.2972972972972973,0.08040540540540544,0.5135135135135135,37,0.2972972972972973,0.08040540540540544,0.5135135135135135,20.708790683263057,8.431668865519601,31.571161565244992
positive,true claim,5,0.1891891891891892,-0.02702702702702703,0.40540540540540543,37,0.1891891891891892,-0.02702702702702703,0.40540540540540543,17.04773989480895,3.430761102889035,29.56472387990436
positive,true claim,6,0.16216216216216217,-0.05405405405405406,0.35135135135135137,37,0.16216216216216217,-0.05405405405405406,0.35135135135135137,15.245341932451403,1.3619250145967343,28.348641409286966
negative,false claim,1,-0.3333333333333333,-0.48717948717948717,-0.1794871794871795,39,0.3333333333333333,0.1794871794871795,0.48717948717948717,-9.997660856550702,-23.28802700109708,2.9630671324691917
negative,false claim,2,-0.1282051282051282,-0.28205128205128205,0.0,39,0.1282051282051282,0.0,0.28205128205128205,-4.629049718809815,-16.744848609549734,6.3090084163316815
negative,false claim,3,-0.07692307692307693,-0.20512820512820512,0.05128205128205128,39,0.07692307692307693,-0.05128205128205128,0.20512820512820512,-1.8514950019426835,-11.931453548992673,7.897253760542586
negative,false claim,4,-0.05128205128205128,-0.1282051282051282,0.0,39,0.05128205128205128,0.0,0.1282051282051282,1.8937893056621153,-9.344444633670484,12.968493379556971
negative,false claim,5,-0.07692307692307693,-0.1794871794871795,0.02564102564102564,39,0.07692307692307693,-0.02564102564102564,0.1794871794871795,-2.3936777590559077,-12.562942073131218,7.643257239654369
negative,false claim,6,-0.05128205128205128,-0.15384615384615385,0.05128205128205128,39,0.05128205128205128,-0.05128205128205128,0.15384615384615385,-3.3763447400325766,-14.502218403011703,6.934833614639215
negative,true claim,1,-0.027777777777777776,-0.25,0.19444444444444445,36,-0.027777777777777776,-0.25,0.19444444444444445,-10.218699079188001,-24.418852722511573,5.323386255574079
negative,true claim,2,-0.08333333333333333,-0.3055555555555556,0.1111111111111111,36,-0.08333333333333333,-0.3055555555555556,0.1111111111111111,-10.61377596601637,-23.518079896328143,2.84268338789439
negative,true claim,3,-0.2222222222222222,-0.4166666666666667,-0.027777777777777776,36,-0.2222222222222222,-0.4166666666666667,-0.027777777777777776,-20.881338383898967,-33.385626408077464,-7.691862385125004
negative,true claim,4,-0.25,-0.4166666666666667,-0.08333333333333333,36,-0.25,-0.4166666666666667,-0.08333333333333333,-17.68952214366032,-30.793832906573595,-4.634689734278558
negative,true claim,5,-0.3055555555555556,-0.4722222222222222,-0.1388888888888889,36,-0.3055555555555556,-0.4722222222222222,-0.1388888888888889,-25.35918356669653,-39.35517691735489,-11.254648829765074
negative,true claim,6,-0.2222222222222222,-0.41736111111111107,0.0,36,-0.2222222222222222,-0.41736111111111107,0.0,-24.686473331207203,-38.947303364855344,-9.361505444782479
