track,truth,turn,accuracy,accuracy_lo,accuracy_hi,accuracy_n,valid_rate,valid_rate_lo,valid_rate_hi,valid_rate_n,truth_confidence,truth_confidence_lo,truth_confidence_hi,truth_confidence_n,verbalized_confidence,verbalized_confidence_lo,verbalized_confidence_hi,verbalized_confidence_n,parse_fail_rate,parse_fail_rate_lo,parse_fail_rate_hi,parse_fail_rate_n
negative,false claim,0,0.6363636363636364,0.453409090909091,0.8181818181818182,22,0.36363636363636365,0.18181818181818182,0.5465909090909028,22,56.75363411110911,44.43109062690796,68.40130269654432,22,,,,0,0.0,0.0,0.0,22
negative,false claim,1,0.7272727272727273,0.5454545454545454,0.9090909090909091,22,0.2727272727272727,0.09090909090909091,0.45454545454545453,22,67.00564640658823,53.34799127632075,79.6473618846556,22,,,,0,0.0,0.0,0.0,22
negative,false claim,2,0.6818181818181818,0.5,0.8636363636363636,22,0.3181818181818182,0.13636363636363635,0.5,22,69.32097427462313,57.55313269476491,80.21127422477795,22,,,,0,0.0,0.0,0.0,22
negative,true claim,0,0.5942028985507246,0.4782608695652174,0.6956521739130435,69,0.5942028985507246,0.4782608695652174,0.6956521739130435,69,59.489269139511244,52.40638045886798,66.5342086170401,70,,,,0,0.014285714285714285,0.0,0.04285714285714286,70
negative,true claim,1,0.21739130434782608,0.13043478260869565,0.3188405797101449,69,0.21739130434782608,0.13043478260869565,0.3188405797101449,69,29.586234563695534,23.205546872623795,36.25427263662485,70,,,,0,0.014285714285714285,0.0,0.04285714285714286,70
negative,true claim,2,0.2028985507246377,0.11594202898550725,0.30434782608695654,69,0.2028985507246377,0.11594202898550725,0.30434782608695654,69,27.732484667961085,21.23191909492016,34.80874477612919,70,,,,0,0.014285714285714285,0.0,0.04285714285714286,70
positive,false claim,0,0.6363636363636364,0.453409090909091,0.8181818181818182,22,0.36363636363636365,0.18181818181818182,0.5465909090909028,22,56.75363411110911,44.43109062690796,68.40130269654432,22,,,,0,0.0,0.0,0.0,22
positive,false claim,1,0.5,0.2727272727272727,0.7272727272727273,22,0.5,0.2727272727272727,0.7272727272727273,22,40.35976082721556,27.627296869389035,53.06361680215393,22,,,,0,0.0,0.0,0.0,22
positive,false claim,2,0.4090909090909091,0.18181818181818182,0.6363636363636364,22,0.5909090909090909,0.36363636363636365,0.8181818181818182,22,43.93590398725461,31.30291153380478,56.18710605628701,22,,,,0,0.0,0.0,0.0,22
positive,true claim,0,0.5942028985507246,0.4782608695652174,0.6956521739130435,69,0.5942028985507246,0.4782608695652174,0.6956521739130435,69,59.489269139511244,52.40638045886798,66.5342086170401,70,,,,0,0.014285714285714285,0.0,0.04285714285714286,70
positive,true claim,1,0.6811594202898551,0.5652173913043478,0.782608695652174,69,0.6811594202898551,0.5652173913043478,0.782608695652174,69,71.57843514744725,64.75538622548005,78.06436785895909,70,100.0,100.0,100.0,4,0.014285714285714285,0.0,0.04285714285714286,70
positive,true claim,2,0.7205882352941176,0.6176470588235294,0.8235294117647058,68,0.7205882352941176,0.6176470588235294,0.8235294117647058,68,75.20013191870281,69.0590033323637,81.21929064339825,70,100.0,100.0,100.0,3,0.02857142857142857,0.0,0.07142857142857142,70
